{
    "k80": {
        "Transformer": {
            "Transformer": [
                0.0,
                0.0
            ],
            "CycleGAN": [
                0.0,
                0.0
            ],
            "ResNet-50": [
                0.0,
                0.0
            ],
            "LM": [
                0.0,
                0.0
            ],
            "ResNet-18": [
                0.0,
                0.0
            ],
            "A3C": [
                0.0,
                0.0
            ],
            "Recommendation": [
                0.0,
                0.0
            ],
            "null": 1.7485703185610288
        },
        "CycleGAN": {
            "Transformer": [
                0.0,
                0.0
            ],
            "CycleGAN": [
                0.0,
                0.0
            ],
            "ResNet-50": [
                0.0,
                0.0
            ],
            "LM": [
                0.0,
                0.0
            ],
            "ResNet-18": [
                0.0,
                0.0
            ],
            "A3C": [
                0.0,
                0.0
            ],
            "Recommendation": [
                0.0,
                0.0
            ],
            "null": 0.5128465409603457
        },
        "ResNet-50": {
            "Transformer": [
                0.0,
                0.0
            ],
            "CycleGAN": [
                0.0,
                0.0
            ],
            "ResNet-50": [
                0.0,
                0.0
            ],
            "LM": [
                0.0,
                0.0
            ],
            "ResNet-18": [
                0.0,
                0.0
            ],
            "A3C": [
                0.0,
                0.0
            ],
            "Recommendation": [
                0.0,
                0.0
            ],
            "null": 0.5813331880452446
        },
        "LM": {
            "Transformer": [
                0.0,
                0.0
            ],
            "CycleGAN": [
                0.0,
                0.0
            ],
            "ResNet-50": [
                0.0,
                0.0
            ],
            "LM": [
                0.0,
                0.0
            ],
            "ResNet-18": [
                0.0,
                0.0
            ],
            "A3C": [
                0.0,
                0.0
            ],
            "Recommendation": [
                0.0,
                0.0
            ],
            "null": 1.5765846019570857
        },
        "ResNet-18": {
            "Transformer": [
                0.0,
                0.0
            ],
            "CycleGAN": [
                0.0,
                0.0
            ],
            "ResNet-50": [
                0.0,
                0.0
            ],
            "LM": [
                0.0,
                0.0
            ],
            "ResNet-18": [
                0.0,
                0.0
            ],
            "A3C": [
                0.0,
                0.0
            ],
            "Recommendation": [
                0.0,
                0.0
            ],
            "null": 5.913870132319187
        },
        "A3C": {
            "Transformer": [
                0.0,
                0.0
            ],
            "CycleGAN": [
                0.0,
                0.0
            ],
            "ResNet-50": [
                0.0,
                0.0
            ],
            "LM": [
                0.0,
                0.0
            ],
            "ResNet-18": [
                0.0,
                0.0
            ],
            "A3C": [
                0.0,
                0.0
            ],
            "Recommendation": [
                0.0,
                0.0
            ],
            "null": 3.1273208864232984
        },
        "Recommendation": {
            "Transformer": [
                0.0,
                0.0
            ],
            "CycleGAN": [
                0.0,
                0.0
            ],
            "ResNet-50": [
                0.0,
                0.0
            ],
            "LM": [
                0.0,
                0.0
            ],
            "ResNet-18": [
                0.0,
                0.0
            ],
            "A3C": [
                0.0,
                0.0
            ],
            "Recommendation": [
                0.0,
                0.0
            ],
            "null": 0.23953173390159982
        }
    },
    "p100": {
        "ResNet-18": {
            "null": 28.549915726558712,
            "ResNet-18": [
                17.45461095550847,
                17.4760028419284
            ],
            "ResNet-50": [
                9.527634692106696,
                2.5830666539697678
            ],
            "Transformer": [
                19.930580832882715,
                3.0991718770480956
            ],
            "A3C": [
                24.9900785741629,
                4.4749341239029885
            ],
            "LM": [
                17.753924908293257,
                44.06485036931579
            ],
            "Recommendation": [
                23.08781845263541,
                0.2880101111948183
            ],
            "CycleGAN": [
                14.545067362289934,
                1.6060936844753704
            ]
        },
        "ResNet-50": {
            "null": 2.7582316544774135,
            "ResNet-18": [
                2.5830666539697678,
                9.527634692106696
            ],
            "ResNet-50": [
                1.636081900423381,
                1.6364462884863793
            ],
            "Transformer": [
                2.6602210031368902,
                1.8048230494452624
            ],
            "A3C": [
                2.757760967964169,
                3.0443969374112907
            ],
            "LM": [
                2.5907224755757405,
                24.40891898489665
            ],
            "Recommendation": [
                2.7319096633311446,
                0.1954743047468579
            ],
            "CycleGAN": [
                2.3356936510626003,
                0.9209253257989783
            ]
        },
        "Transformer": {
            "null": 4.412275522827714,
            "ResNet-18": [
                3.0991718770480956,
                19.930580832882715
            ],
            "ResNet-50": [
                1.8048230494452624,
                2.6602210031368902
            ],
            "Transformer": [
                3.1939892626102537,
                3.2701047356826938
            ],
            "A3C": [
                4.089787959294046,
                4.359522658537024
            ],
            "LM": [
                3.2707425663422054,
                48.209789067480166
            ],
            "Recommendation": [
                4.043216359104325,
                0.2575255502931851
            ],
            "CycleGAN": [
                2.697851157458191,
                1.7396741259539472
            ]
        },
        "A3C": {
            "null": 4.54639530927856,
            "ResNet-18": [
                4.4749341239029885,
                24.9900785741629
            ],
            "ResNet-50": [
                3.0443969374112907,
                2.757760967964169
            ],
            "Transformer": [
                4.359522658537024,
                4.089787959294046
            ],
            "A3C": [
                4.716152164885018,
                4.5885962519418095
            ],
            "LM": [
                4.221309930945228,
                61.680211271899914
            ],
            "Recommendation": [
                5.066712585969716,
                0.27764971779363967
            ],
            "CycleGAN": [
                4.071114857813676,
                2.0718314099568955
            ]
        },