{
    "Transformer": {
        "k80": 1.7485703185610288,
        "p100": 3.997550120027477,
        "v100": 6.582742133972754
    },
    "CycleGAN": {
        "k80": 0.5128465409603457,
        "p100": 1.8725777212725259,
        "v100": 2.911943348298981
    },
    "ResNet-50": {
        "k80": 0.5813331880452446,
        "p100": 0.8619271391453349,
        "v100": 0.9828414689629887
    },
    "LM": {
        "k80": 1.5765846019570857,
        "p100": 2.4845128212635856,
        "v100": 5.59461021366413
    },
    "ResNet-18": {
        "k80": 5.913870132319187,
        "p100": 21.696524337928878,
        "v100": 23.54176090094381
    },
    "A3C": {
        "k80": 3.1273208864232984,
        "p100": 4.286995140492184,
        "v100": 4.688043393006897
    },
    "Recommendation": {
        "k80": 0.23953173390159982,
        "p100": 0.38997102714407017,
        "v100": 0.4244509750176208
    }
}
