{
    "LM": {
        "LM": [
            69.29248704279368,
            69.2924876452961
        ],
        "ResNet-18": [
            63.333333333333336,
            39.020528249045384
        ],
        "ResNet-50": [
            -1,
            -1
        ],
        "null": 98.42519601890724,
        "CycleGAN": [
            46.02713154900977,
            3.2106395474251186
        ],
        "Recommendation": [
            -1,
            -1
        ],
        "Transformer": [
            71.42857168466013,
            7.610550058863131
        ],
        "A3C": [
            76.36655986606702,
            6.575649053501676
        ]
    },
    "ResNet-18": {
        "LM": [
            39.020528249045384,
            63.333333333333336
        ],
        "ResNet-18": [
            27.926420306453714,
            32.02599083960758
        ],
        "ResNet-50": [
            -1,
            -1
        ],
        "null": 48.91856405193072,
        "CycleGAN": [
            23.922319809281507,
            2.694012778095946
        ],
        "Recommendation": [
            -1,
            -1
        ],
        "Transformer": [
            34.61779138478218,
            6.213852156396025
        ],
        "A3C": [
            36.079121156187476,
            6.85275086599233
        ]
    },
    "ResNet-50": {
        "LM": [
            -1,
            -1
        ],
        "ResNet-18": [
            -1,
            -1
        ],
        "ResNet-50": [
            -1,
            -1
        ],
        "null": 1.3190154226424897,
        "CycleGAN": [
            -1,
            -1
        ],
        "Recommendation": [
            -1,
            -1
        ],
        "Transformer": [
            -1,
            -1
        ],
        "A3C": [
            -1,
            -1
        ]
    },
    "Transformer": {
        "LM": [
            7.610550058863131,
            71.42857168466013
        ],
        "ResNet-18": [
            6.213852156396025,
            34.61779138478218
        ],
        "ResNet-50": [
            -1,
            -1
        ],
        "null": 8.942359079019294,
        "CycleGAN": [
            4.866333264622628,
            2.898765187164811
        ],
        "Recommendation": [
            -1,
            -1
        ],
        "Transformer": [
            6.564586430306764,
            6.549537710636893
        ],
        "A3C": [
            7.311152143146211,
            7.025561430282575
        ]
    },
    "CycleGAN": {
        "LM": [
            3.2106395474251186,
            46.02713154900977
        ],
        "ResNet-18": [
            2.694012778095946,
            23.922319809281507
        ],
        "ResNet-50": [
            -1,
            -1
        ],
        "null": 3.722324802624344,
        "CycleGAN": [
            2.191779225936172,
            2.1891343942846544
        ],
        "Recommendation": [
            -1,
            -1
        ],
        "Transformer": [
            2.898765187164811,
            4.866333264622628
        ],
        "A3C": [
            3.023859791550394,
            5.425846777191924
        ]
    },
    "Recommendation": {
        "LM": [
            -1,
            -1
        ],
        "ResNet-18": [
            -1,
            -1
        ],
        "ResNet-50": [
            -1,
            -1
        ],
        "null": 0.43443673768721225,
        "CycleGAN": [
            -1,
            -1
        ],
        "Recommendation": [
            -1,
            -1
        ],
        "Transformer": [
            -1,
            -1
        ],
        "A3C": [
            -1,
            -1
        ]
    },
    "A3C": {
        "LM": [
            6.575649053501676,
            76.36655986606702
        ],
        "ResNet-18": [
            6.85275086599233,
            36.079121156187476
        ],
        "ResNet-50": [
            -1,
            -1
        ],
        "null": 7.497521135220753,
        "CycleGAN": [
            5.425846777191924,
            3.023859791550394
        ],
        "Recommendation": [
            -1,
            -1
        ],
        "Transformer": [
            7.025561430282575,
            7.311152143146211
        ],
        "A3C": [
            6.928117429631187,
            6.904240077346905
        ]
    }
}