Policy,# Jobs,Trial 1,Trial 2,Trial 3,Average
max_min_fairness_water_filling_perf,16,0.21605968475341797,0.17738795280456543,0.21211504936218262,0.20185422897338867
max_min_fairness_water_filling_perf,32,0.3344132900238037,0.29878973960876465,0.33107519149780273,0.3214260737101237
max_min_fairness_water_filling_perf,64,0.326946496963501,0.3716087341308594,0.33542895317077637,0.3446613947550456
max_min_fairness_water_filling_perf,128,0.26029467582702637,0.26018452644348145,0.25597071647644043,0.2588166395823161
max_min_fairness_water_filling_perf,256,1.6605839729309082,1.516747236251831,1.5801973342895508,1.5858428478240967
max_min_fairness_water_filling_perf,512,13.194199800491333,13.405938863754272,13.205029964447021,13.268389542897543
max_min_fairness_water_filling_perf,1024,134.60594987869263,133.71352100372314,140.2014172077179,136.1736293633779
